InvoiceNo,StockCode,Description,Quantity,InvoiceDate,UnitPrice,CustomerID,Country,product_id,Amount,TransactionID
536365,85123A,WHITE HANGING HEART T-LIGHT HOLDER,6,12-01-2010 08:26,2.55,17850,United Kingdom,B07JW9H4J1,455.8627638,T1
536365,71053,WHITE METAL LANTERN,6,12-01-2010 08:26,3.39,17850,United Kingdom,B098NS6PVG,258.3065464,T2
536365,84406B,CREAM CUPID HEARTS COAT HANGER,8,12-01-2010 08:26,2.75,17850,United Kingdom,B096MSW6CT,212.0156509,T3
536365,84029G,KNITTED UNION FLAG HOT WATER BOTTLE,6,12-01-2010 08:26,3.39,17850,United Kingdom,B08HDJ86NZ,461.3437694,T4
536365,84029E,RED WOOLLY HOTTIE WHITE HEART.,6,12-01-2010 08:26,3.39,17850,United Kingdom,B08CF3B7N1,626.0304837,T5
536365,22752,SET 7 BABUSHKA NESTING BOXES,2,12-01-2010 08:26,7.65,17850,United Kingdom,B08Y1TFSP6,144.6092233,T6
536365,21730,GLASS STAR FROSTED T-LIGHT HOLDER,6,12-01-2010 08:26,4.25,17850,United Kingdom,B08WRWPM22,76.88590745,T7
536366,22633,HAND WARMER UNION JACK,6,12-01-2010 08:28,1.85,17850,United Kingdom,B08DDRGWTJ,419.7660521,T8
536366,22632,HAND WARMER RED POLKA DOT,6,12-01-2010 08:28,1.85,17850,United Kingdom,B008IFXQFU,96.97792465,T9
536367,84879,ASSORTED COLOUR BIRD ORNAMENT,32,12-01-2010 08:34,1.69,13047,United Kingdom,B082LZGK39,234.0120175,T10
536367,22745,POPPY'S PLAYHOUSE BEDROOM ,6,12-01-2010 08:34,2.1,13047,United Kingdom,B08CF3D7QR,678.3112271,T11
536367,22748,POPPY'S PLAYHOUSE KITCHEN,6,12-01-2010 08:34,2.1,13047,United Kingdom,B0789LZTCJ,533.0853817,T12
536367,22749,FELTCRAFT PRINCESS CHARLOTTE DOLL,8,12-01-2010 08:34,3.75,13047,United Kingdom,B07KSMBL2H,100.1973691,T13
536367,22310,IVORY KNITTED MUG COSY ,6,12-01-2010 08:34,1.65,13047,United Kingdom,B085DTN6R2,243.9936112,T14
536367,84969,BOX OF 6 ASSORTED COLOUR TEASPOONS,6,12-01-2010 08:34,4.25,13047,United Kingdom,B09KLVMZ3B,397.8693765,T15
536367,22623,BOX OF VINTAGE JIGSAW BLOCKS ,3,12-01-2010 08:34,4.95,13047,United Kingdom,B083342NKJ,34.06846168,T16
536367,22622,BOX OF VINTAGE ALPHABET BLOCKS,2,12-01-2010 08:34,9.95,13047,United Kingdom,B0B6F7LX4C,611.5223964,T17
536367,21754,HOME BUILDING BLOCK WORD,3,12-01-2010 08:34,5.95,13047,United Kingdom,B082LSVT4B,81.86893153,T18
536367,21755,LOVE BUILDING BLOCK WORD,3,12-01-2010 08:34,5.95,13047,United Kingdom,B08WRBG3XW,88.10303858,T19
536367,21777,RECIPE BOX WITH METAL HEART,4,12-01-2010 08:34,7.95,13047,United Kingdom,B08DPLCM6T,311.2432741,T20
536367,48187,DOORMAT NEW ENGLAND,4,12-01-2010 08:34,7.95,13047,United Kingdom,B09C6HXFC1,37.17545138,T21
536368,22960,JAM MAKING SET WITH JARS,6,12-01-2010 08:34,4.25,13047,United Kingdom,B085194JFL,311.5443153,T22
536368,22913,RED COAT RACK PARIS FASHION,3,12-01-2010 08:34,4.95,13047,United Kingdom,B09F6S8BT6,433.8752331,T23
536368,22912,YELLOW COAT RACK PARIS FASHION,3,12-01-2010 08:34,4.95,13047,United Kingdom,B09NHVCHS9,64.34641065,T24
536368,22914,BLUE COAT RACK PARIS FASHION,3,12-01-2010 08:34,4.95,13047,United Kingdom,B0B1YVCJ2Y,64.62229185,T25
536369,21756,BATH BUILDING BLOCK WORD,3,12-01-2010 08:35,5.95,13047,United Kingdom,B01M4GGIVU,354.3541161,T26
536370,22728,ALARM CLOCK BAKELIKE PINK,24,12-01-2010 08:45,3.75,12583,France,B08B42LWKN,360.101316,T27
536370,22727,ALARM CLOCK BAKELIKE RED ,24,12-01-2010 08:45,3.75,12583,France,B094JNXNPV,236.1840955,T28
536370,22726,ALARM CLOCK BAKELIKE GREEN,12,12-01-2010 08:45,3.75,12583,France,B09W5XR9RT,40.96465951,T29
536370,21724,PANDA AND BUNNIES STICKER SHEET,12,12-01-2010 08:45,0.85,12583,France,B077Z65HSD,199.0768195,T30
536370,21883,STARS GIFT TAPE ,24,12-01-2010 08:45,0.65,12583,France,B00NH11PEY,104.8949626,T31
536370,10002,INFLATABLE POLITICAL GLOBE ,48,12-01-2010 08:45,0.85,12583,France,B09CMM3VGK,143.8514941,T32
536370,21791,VINTAGE HEADS AND TAILS CARD GAME ,24,12-01-2010 08:45,1.25,12583,France,B08QSC1XY8,287.7403501,T33
536370,21035,SET/2 RED RETROSPOT TEA TOWELS ,18,12-01-2010 08:45,2.95,12583,France,B008FWZGSG,368.608025,T34
536370,22326,ROUND SNACK BOXES SET OF4 WOODLAND ,24,12-01-2010 08:45,2.95,12583,France,B0B4HJNPV4,518.3563731,T35
536370,22629,SPACEBOY LUNCH BOX ,24,12-01-2010 08:45,1.95,12583,France,B08Y1SJVV5,80.25392634,T36
536370,22659,LUNCH BOX I LOVE LONDON,24,12-01-2010 08:45,1.95,12583,France,B07XLCFSSN,340.1570542,T37
536370,22631,CIRCUS PARADE LUNCH BOX ,24,12-01-2010 08:45,1.95,12583,France,B09RZS1NQT,689.5176233,T38
536370,22661,CHARLOTTE BAG DOLLY GIRL DESIGN,20,12-01-2010 08:45,0.85,12583,France,B0B3MMYHYW,94.73316251,T39
536370,21731,RED TOADSTOOL LED NIGHT LIGHT,24,12-01-2010 08:45,1.65,12583,France,B09C6HWG18,436.3871409,T40
536370,22900, SET 2 TEA TOWELS I LOVE LONDON ,24,12-01-2010 08:45,2.95,12583,France,B00NH11KIK,382.504217,T41
536370,21913,VINTAGE SEASIDE JIGSAW PUZZLES,12,12-01-2010 08:45,3.75,12583,France,B09JPC82QC,138.7699082,T42
536370,22540,MINI JIGSAW CIRCUS PARADE ,24,12-01-2010 08:45,0.42,12583,France,B07JW1Y6XV,231.0855948,T43
536370,22544,MINI JIGSAW SPACEBOY,24,12-01-2010 08:45,0.42,12583,France,B07KRCW6LZ,204.4936915,T44
536370,22492,MINI PAINT SET VINTAGE ,36,12-01-2010 08:45,0.65,12583,France,B09NJN8L25,314.9379049,T45
536370,POST,POSTAGE,3,12-01-2010 08:45,18,12583,France,B07XJYYH7L,228.3058928,T46
536371,22086,PAPER CHAIN KIT 50'S CHRISTMAS ,80,12-01-2010 09:00,2.55,13748,United Kingdom,B002PD61Y4,59.48263356,T47
536372,22632,HAND WARMER RED POLKA DOT,6,12-01-2010 09:01,1.85,17850,United Kingdom,B014I8SSD0,317.2986724,T48
536372,22633,HAND WARMER UNION JACK,6,12-01-2010 09:01,1.85,17850,United Kingdom,B09L8DSSFH,154.3760025,T49
536373,85123A,WHITE HANGING HEART T-LIGHT HOLDER,6,12-01-2010 09:02,2.55,17850,United Kingdom,B07232M876,361.9466009,T50
536373,71053,WHITE METAL LANTERN,6,12-01-2010 09:02,3.39,17850,United Kingdom,B07P681N66,137.5512119,T51
536373,84406B,CREAM CUPID HEARTS COAT HANGER,8,12-01-2010 09:02,2.75,17850,United Kingdom,B0711PVX6Z,35.85181088,T52
536373,20679,EDWARDIAN PARASOL RED,6,12-01-2010 09:02,4.95,17850,United Kingdom,B082T6V3DT,241.376452,T53
536373,37370,RETRO COFFEE MUGS ASSORTED,6,12-01-2010 09:02,1.06,17850,United Kingdom,B07MKFNHKG,164.5119732,T54
536373,21871,SAVE THE PLANET MUG,6,12-01-2010 09:02,1.06,17850,United Kingdom,B0BFWGBX61,44.18700627,T55
536373,21071,VINTAGE BILLBOARD DRINK ME MUG,6,12-01-2010 09:02,1.06,17850,United Kingdom,B01N90RZ4M,126.7294968,T56
536373,21068,VINTAGE BILLBOARD LOVE/HATE MUG,6,12-01-2010 09:02,1.06,17850,United Kingdom,B0088TKTY2,83.63821655,T57
536373,82483,WOOD 2 DRAWER CABINET WHITE FINISH,2,12-01-2010 09:02,4.95,17850,United Kingdom,B09Q5SWVBJ,168.2844486,T58
536373,82486,WOOD S/3 CABINET ANT WHITE FINISH,4,12-01-2010 09:02,6.95,17850,United Kingdom,B0B4DT8MKT,139.5177341,T59
536373,82482,WOODEN PICTURE FRAME WHITE FINISH,6,12-01-2010 09:02,2.1,17850,United Kingdom,B08CDKQ8T6,372.0545246,T60
536373,82494L,WOODEN FRAME ANTIQUE WHITE ,6,12-01-2010 09:02,2.55,17850,United Kingdom,B07B275VN9,262.9146235,T61
536373,84029G,KNITTED UNION FLAG HOT WATER BOTTLE,6,12-01-2010 09:02,3.39,17850,United Kingdom,B0B15CPR37,373.5460537,T62
536373,84029E,RED WOOLLY HOTTIE WHITE HEART.,6,12-01-2010 09:02,3.39,17850,United Kingdom,B0994GFWBH,500.5551919,T63
536373,22752,SET 7 BABUSHKA NESTING BOXES,2,12-01-2010 09:02,7.65,17850,United Kingdom,B01GGKZ0V6,252.6480512,T64
536373,21730,GLASS STAR FROSTED T-LIGHT HOLDER,6,12-01-2010 09:02,4.25,17850,United Kingdom,B09F9YQQ7B,85.30309947,T65
536374,21258,VICTORIAN SEWING BOX LARGE,32,12-01-2010 09:09,10.95,15100,United Kingdom,B014I8SX4Y,386.9541942,T66
536375,85123A,WHITE HANGING HEART T-LIGHT HOLDER,6,12-01-2010 09:32,2.55,17850,United Kingdom,B09Q8HMKZX,265.3621714,T67
536375,71053,WHITE METAL LANTERN,6,12-01-2010 09:32,3.39,17850,United Kingdom,B0B9XN9S3W,645.809757,T68
536375,84406B,CREAM CUPID HEARTS COAT HANGER,8,12-01-2010 09:32,2.75,17850,United Kingdom,B07966M8XH,409.2714208,T69
536375,20679,EDWARDIAN PARASOL RED,6,12-01-2010 09:32,4.95,17850,United Kingdom,B01GGKYKQM,40.22169188,T70
536375,37370,RETRO COFFEE MUGS ASSORTED,6,12-01-2010 09:32,1.06,17850,United Kingdom,B0B86CDHL1,119.8982348,T71
536375,21871,SAVE THE PLANET MUG,6,12-01-2010 09:32,1.06,17850,United Kingdom,B0B5ZF3NRK,578.0629389,T72
536375,21071,VINTAGE BILLBOARD DRINK ME MUG,6,12-01-2010 09:32,1.06,17850,United Kingdom,B09RFC46VP,253.8630186,T73
536375,21068,VINTAGE BILLBOARD LOVE/HATE MUG,6,12-01-2010 09:32,1.06,17850,United Kingdom,B08R69VDHT,522.3511948,T74
536375,82483,WOOD 2 DRAWER CABINET WHITE FINISH,2,12-01-2010 09:32,4.95,17850,United Kingdom,B09RWZRCP1,81.87276186,T75
536375,82486,WOOD S/3 CABINET ANT WHITE FINISH,4,12-01-2010 09:32,6.95,17850,United Kingdom,B09CMP1SC8,429.6267915,T76
536375,82482,WOODEN PICTURE FRAME WHITE FINISH,6,12-01-2010 09:32,2.1,17850,United Kingdom,B09YLXYP7Y,534.7140205,T77
536375,82494L,WOODEN FRAME ANTIQUE WHITE ,6,12-01-2010 09:32,2.55,17850,United Kingdom,B09ZPM4C2C,113.1722634,T78
536375,84029G,KNITTED UNION FLAG HOT WATER BOTTLE,6,12-01-2010 09:32,3.39,17850,United Kingdom,B0B2DJDCPX,61.48967949,T79
536375,84029E,RED WOOLLY HOTTIE WHITE HEART.,6,12-01-2010 09:32,3.39,17850,United Kingdom,B0BCZCQTJX,523.0610825,T80
536375,22752,SET 7 BABUSHKA NESTING BOXES,2,12-01-2010 09:32,7.65,17850,United Kingdom,B07LGT55SJ,141.0397928,T81
536375,21730,GLASS STAR FROSTED T-LIGHT HOLDER,6,12-01-2010 09:32,4.25,17850,United Kingdom,B09NKZXMWJ,170.1154528,T82
536376,22114,HOT WATER BOTTLE TEA AND SYMPATHY,48,12-01-2010 09:32,3.45,15291,United Kingdom,B08QX1CC14,33.22083521,T83
536376,21733,RED HANGING HEART T-LIGHT HOLDER,64,12-01-2010 09:32,2.55,15291,United Kingdom,B0974H97TJ,288.9403831,T84
536377,22632,HAND WARMER RED POLKA DOT,6,12-01-2010 09:34,1.85,17850,United Kingdom,B07GVGTSLN,409.1867686,T85
536377,22633,HAND WARMER UNION JACK,6,12-01-2010 09:34,1.85,17850,United Kingdom,B09VCHLSJF,437.454907,T86
536378,22386,JUMBO BAG PINK POLKADOT,10,12-01-2010 09:37,1.95,14688,United Kingdom,B0B1YZX72F,216.4168113,T87
536378,85099C,JUMBO  BAG BAROQUE BLACK WHITE,10,12-01-2010 09:37,1.95,14688,United Kingdom,B092BJMT8Q,634.0058662,T88
536378,21033,JUMBO BAG CHARLIE AND LOLA TOYS,10,12-01-2010 09:37,2.95,14688,United Kingdom,B0BMXMLSMM,564.3317879,T89
536378,20723,STRAWBERRY CHARLOTTE BAG,10,12-01-2010 09:37,0.85,14688,United Kingdom,B07JH1C41D,28.37763431,T90
536378,84997B,RED 3 PIECE RETROSPOT CUTLERY SET,12,12-01-2010 09:37,3.75,14688,United Kingdom,B0141EZMAI,50.16057216,T91
536378,84997C,BLUE 3 PIECE POLKADOT CUTLERY SET,6,12-01-2010 09:37,3.75,14688,United Kingdom,B09Q5P2MT3,108.1490038,T92
536378,21094,SET/6 RED SPOTTY PAPER PLATES,12,12-01-2010 09:37,0.85,14688,United Kingdom,B08HDH26JX,264.690868,T93
536378,20725,LUNCH BAG RED RETROSPOT,10,12-01-2010 09:37,1.65,14688,United Kingdom,B09VT6JKRP,323.8995111,T94
536378,21559,STRAWBERRY LUNCH BOX WITH CUTLERY,6,12-01-2010 09:37,2.55,14688,United Kingdom,B09T3KB6JZ,122.6117949,T95
536378,22352,LUNCH BOX WITH CUTLERY RETROSPOT ,6,12-01-2010 09:37,2.55,14688,United Kingdom,B093QCY6YJ,132.4776269,T96
536378,21212,PACK OF 72 RETROSPOT CAKE CASES,120,12-01-2010 09:37,0.42,14688,United Kingdom,B093ZNQZ2Y,476.1582484,T97
536378,21975,PACK OF 60 DINOSAUR CAKE CASES,24,12-01-2010 09:37,0.55,14688,United Kingdom,B08LKS3LSP,240.6861967,T98
536378,21977,PACK OF 60 PINK PAISLEY CAKE CASES,24,12-01-2010 09:37,0.55,14688,United Kingdom,B00V4BGDKU,74.79908093,T99
536378,84991,60 TEATIME FAIRY CAKE CASES,24,12-01-2010 09:37,0.55,14688,United Kingdom,B08CHKQ8D4,45.26880784,T100
536378,84519A,TOMATO CHARLIE+LOLA COASTER SET,6,12-01-2010 09:37,2.95,14688,United Kingdom,B09BW334ML,153.0680699,T101
536378,85183B,CHARLIE & LOLA WASTEPAPER BIN FLORA,48,12-01-2010 09:37,1.25,14688,United Kingdom,B082T6GVLJ,452.9805361,T102
536378,85071B,RED CHARLIE+LOLA PERSONAL DOORSIGN,96,12-01-2010 09:37,0.38,14688,United Kingdom,B07DL1KC3H,163.2338054,T103
536378,21931,JUMBO STORAGE BAG SUKI,10,12-01-2010 09:37,1.95,14688,United Kingdom,B0B6F98KJJ,86.81877567,T104
536378,21929,JUMBO BAG PINK VINTAGE PAISLEY,10,12-01-2010 09:37,1.95,14688,United Kingdom,B07JNVF678,490.9149103,T105
536380,22961,JAM MAKING SET PRINTED,24,12-01-2010 09:41,1.45,17809,United Kingdom,B09QGZFBPM,421.7167753,T106
536381,22139,RETROSPOT TEA SET CERAMIC 11 PC ,23,12-01-2010 09:41,4.25,15311,United Kingdom,B07JGDB5M1,142.9904655,T107
536381,84854,GIRLY PINK TOOL SET,5,12-01-2010 09:41,4.95,15311,United Kingdom,B0981XSZJ7,791.9062233,T108
536381,22411,JUMBO SHOPPER VINTAGE RED PAISLEY,10,12-01-2010 09:41,1.95,15311,United Kingdom,B0B9XLX8VR,247.4485382,T109
536381,82567,"AIRLINE LOUNGE,METAL SIGN",2,12-01-2010 09:41,2.1,15311,United Kingdom,B08Y5KXR6Z,561.5556438,T110
536381,21672,WHITE SPOT RED CERAMIC DRAWER KNOB,6,12-01-2010 09:41,1.25,15311,United Kingdom,B09F6VHQXB,91.29945583,T111
536381,22774,RED DRAWER KNOB ACRYLIC EDWARDIAN,24,12-01-2010 09:41,1.25,15311,United Kingdom,B0974G5Q2Y,112.9237399,T112
536381,22771,CLEAR DRAWER KNOB ACRYLIC EDWARDIAN,24,12-01-2010 09:41,1.25,15311,United Kingdom,B09YL9SN9B,150.1967594,T113
536381,71270,PHOTO CLIP LINE,1,12-01-2010 09:41,1.25,15311,United Kingdom,B09RX1FK54,357.5310427,T114
536381,22262,FELT EGG COSY CHICKEN,1,12-01-2010 09:41,0.85,15311,United Kingdom,B09TT6BFDX,391.0809185,T115
536381,22637,PIGGY BANK RETROSPOT ,1,12-01-2010 09:41,2.55,15311,United Kingdom,B09KH58JZR,603.089825,T116
536381,21934,SKULL SHOULDER BAG,10,12-01-2010 09:41,1.65,15311,United Kingdom,B09DDCQFMT,109.2424291,T117
536381,21169,YOU'RE CONFUSING ME METAL SIGN ,3,12-01-2010 09:41,1.69,15311,United Kingdom,B08RP2L2NL,432.8956535,T118
536381,21166,COOK WITH WINE METAL SIGN ,1,12-01-2010 09:41,1.95,15311,United Kingdom,B0B4G2MWSB,278.7133232,T119
536381,21175,GIN + TONIC DIET METAL SIGN,2,12-01-2010 09:41,2.1,15311,United Kingdom,B0B21C4BMX,163.6605219,T120
536381,37444A,YELLOW BREAKFAST CUP AND SAUCER,1,12-01-2010 09:41,2.95,15311,United Kingdom,B084MZXJNK,69.63385092,T121
536381,37444C,PINK BREAKFAST CUP AND SAUCER ,1,12-01-2010 09:41,2.95,15311,United Kingdom,B0BHZCNC4P,355.4720453,T122
536381,22086,PAPER CHAIN KIT 50'S CHRISTMAS ,4,12-01-2010 09:41,2.95,15311,United Kingdom,B0B16KD737,71.86658291,T123
536381,22083,PAPER CHAIN KIT RETROSPOT,1,12-01-2010 09:41,2.95,15311,United Kingdom,B099K9ZX65,145.8832026,T124
536381,84971S,SMALL HEART FLOWERS HOOK ,6,12-01-2010 09:41,0.85,15311,United Kingdom,B08Y55LPBF,169.8422777,T125
536381,71270,PHOTO CLIP LINE,3,12-01-2010 09:41,1.25,15311,United Kingdom,B015OW3M1W,99.4705544,T126
536381,47580,TEA TIME DES TEA COSY,2,12-01-2010 09:41,2.55,15311,United Kingdom,B01D5H8ZI8,344.4093212,T127
536381,22261,FELT EGG COSY WHITE RABBIT ,1,12-01-2010 09:41,0.85,15311,United Kingdom,B09X1M3DHX,190.8392679,T128
536381,84832,ZINC WILLIE WINKIE  CANDLE STICK,1,12-01-2010 09:41,0.85,15311,United Kingdom,B09MM6P76N,86.86712781,T129
536381,22644,CERAMIC CHERRY CAKE MONEY BANK,1,12-01-2010 09:41,1.45,15311,United Kingdom,B01D5H8LDM,51.85033024,T130
536381,21533,RETROSPOT LARGE MILK JUG,1,12-01-2010 09:41,4.95,15311,United Kingdom,B0B1YY6JJL,738.5728431,T131
536381,21557,SET OF 6 FUNKY BEAKERS,2,12-01-2010 09:41,2.95,15311,United Kingdom,B09QGZM8QB,211.8670335,T132
536381,15056BL,EDWARDIAN PARASOL BLACK,2,12-01-2010 09:41,5.95,15311,United Kingdom,B08L4SBJRY,66.91086094,T133
536381,15056N,EDWARDIAN PARASOL NATURAL,2,12-01-2010 09:41,5.95,15311,United Kingdom,B09X79PP8F,364.9637586,T134
536381,22646,CERAMIC STRAWBERRY CAKE MONEY BANK,4,12-01-2010 09:41,1.45,15311,United Kingdom,B082T6GVG9,41.9888447,T135
536381,22176,BLUE OWL SOFT TOY,1,12-01-2010 09:41,2.95,15311,United Kingdom,B0B3XY5YT4,596.182673,T136
536381,22438,BALLOON ART MAKE YOUR OWN FLOWERS,1,12-01-2010 09:41,1.95,15311,United Kingdom,B0B4HKH19N,156.3597216,T137
536381,21731,RED TOADSTOOL LED NIGHT LIGHT,2,12-01-2010 09:41,1.65,15311,United Kingdom,B08TGG316Z,178.1144611,T138
536381,22778,GLASS CLOCHE SMALL,3,12-01-2010 09:41,3.95,15311,United Kingdom,B071VMP1Z4,712.8494511,T139
536381,22719,GUMBALL MONOCHROME COAT RACK,36,12-01-2010 09:41,1.06,15311,United Kingdom,B071SDRGWL,358.3434838,T140
536381,21523,DOORMAT FANCY FONT HOME SWEET HOME,10,12-01-2010 09:41,6.75,15311,United Kingdom,B08PSQRW2T,14.81990641,T141
C536379,D,Discount,-1,12-01-2010 09:41,27.5,14527,United Kingdom,B0859M539M,148.9885587,T142
536382,10002,INFLATABLE POLITICAL GLOBE ,12,12-01-2010 09:45,0.85,16098,United Kingdom,B08RX8G496,334.7787172,T143
536382,21912,VINTAGE SNAKES & LADDERS,8,12-01-2010 09:45,3.75,16098,United Kingdom,B002SZEOLG,222.9427605,T144
536382,21832,CHOCOLATE CALCULATOR,12,12-01-2010 09:45,1.65,16098,United Kingdom,B08CS3BT4L,138.7470166,T145
536382,22411,JUMBO SHOPPER VINTAGE RED PAISLEY,10,12-01-2010 09:45,1.95,16098,United Kingdom,B00RFWNJMC,667.2638286,T146
536382,22379,RECYCLING BAG RETROSPOT ,10,12-01-2010 09:45,2.1,16098,United Kingdom,B082T6GXS5,105.6924363,T147
536382,22381,TOY TIDY PINK POLKADOT,50,12-01-2010 09:45,1.85,16098,United Kingdom,B09CMQRQM6,43.95356425,T148
536382,22798,ANTIQUE GLASS DRESSING TABLE POT,8,12-01-2010 09:45,2.95,16098,United Kingdom,B005LJQMCK,72.88490307,T149
536382,22726,ALARM CLOCK BAKELIKE GREEN,4,12-01-2010 09:45,3.75,16098,United Kingdom,B09C6H53KH,135.6639914,T150
536382,22926,IVORY GIANT GARDEN THERMOMETER,12,12-01-2010 09:45,5.95,16098,United Kingdom,B0BB3CBFBM,88.91138691,T151
536382,22839,3 TIER CAKE TIN GREEN AND CREAM,2,12-01-2010 09:45,14.95,16098,United Kingdom,B08QSDKFGQ,150.7635797,T152
536382,22838,3 TIER CAKE TIN RED AND CREAM,2,12-01-2010 09:45,14.95,16098,United Kingdom,B08PV1X771,157.0395632,T153
536382,22783,SET 3 WICKER OVAL BASKETS W LIDS,4,12-01-2010 09:45,16.95,16098,United Kingdom,B07YTNKVJQ,49.98092933,T154
C536383,35004C,SET OF 3 COLOURED  FLYING DUCKS,-1,12-01-2010 09:49,4.65,15311,United Kingdom,B0117H7GZ6,255.7701714,T155
536384,82484,WOOD BLACK BOARD ANT WHITE FINISH,3,12-01-2010 09:53,6.45,18074,United Kingdom,B09XJ1LM7R,21.55886017,T156
536384,84755,COLOUR GLASS T-LIGHT HOLDER HANGING,48,12-01-2010 09:53,0.65,18074,United Kingdom,B084N133Y7,561.047481,T157
536384,22464,HANGING METAL HEART LANTERN,12,12-01-2010 09:53,1.65,18074,United Kingdom,B088Z1YWBC,29.89024111,T158
536384,21324,HANGING MEDINA LANTERN SMALL,6,12-01-2010 09:53,2.95,18074,United Kingdom,B07VSG5SXZ,32.53741383,T159
536384,22457,NATURAL SLATE HEART CHALKBOARD ,12,12-01-2010 09:53,2.95,18074,United Kingdom,B08RWCZ6SY,123.1968646,T160
536384,22469,HEART OF WICKER SMALL,40,12-01-2010 09:53,1.45,18074,United Kingdom,B07KSB1MLX,134.9663031,T161
536384,22470,HEART OF WICKER LARGE,40,12-01-2010 09:53,2.55,18074,United Kingdom,B081FG1QYX,377.6484916,T162
536384,22224,WHITE LOVEBIRD LANTERN,6,12-01-2010 09:53,2.95,18074,United Kingdom,B08R69WBN7,110.3126269,T163
536384,21340,CLASSIC METAL BIRDCAGE PLANT HOLDER,2,12-01-2010 09:53,12.75,18074,United Kingdom,B0B3RHX6B6,383.2615795,T164
536384,22189,CREAM HEART CARD HOLDER,4,12-01-2010 09:53,3.95,18074,United Kingdom,B084N18QZY,56.66268039,T165
536384,22427,ENAMEL FLOWER JUG CREAM,3,12-01-2010 09:53,5.95,18074,United Kingdom,B081NHWT6Z,60.67770172,T166
536384,22428,ENAMEL FIRE BUCKET CREAM,6,12-01-2010 09:53,6.95,18074,United Kingdom,B07JPJJZ2H,234.4841811,T167
536384,22424,ENAMEL BREAD BIN CREAM,8,12-01-2010 09:53,10.95,18074,United Kingdom,B09JKNF147,68.54701594,T168
536385,22783,SET 3 WICKER OVAL BASKETS W LIDS,1,12-01-2010 09:56,19.95,17420,United Kingdom,B0B9959XF3,334.2948531,T169
536385,22961,JAM MAKING SET PRINTED,12,12-01-2010 09:56,1.45,17420,United Kingdom,B09PNR6F8Q,338.469064,T170
536385,22960,JAM MAKING SET WITH JARS,6,12-01-2010 09:56,4.25,17420,United Kingdom,B07M69276N,309.6124157,T171
536385,22663,JUMBO BAG DOLLY GIRL DESIGN,10,12-01-2010 09:56,1.95,17420,United Kingdom,B0B1YZ9CB8,273.0610254,T172
536385,85049A,TRADITIONAL CHRISTMAS RIBBONS,12,12-01-2010 09:56,1.25,17420,United Kingdom,B09YLYB9PB,303.8301567,T173
536385,22168,ORGANISER WOOD ANTIQUE WHITE ,2,12-01-2010 09:56,8.5,17420,United Kingdom,B08CTNJ985,465.7209218,T174
536385,22662,LUNCH BAG DOLLY GIRL DESIGN,10,12-01-2010 09:56,1.65,17420,United Kingdom,B0BP7XLX48,50.63122703,T175
536386,84880,WHITE WIRE EGG HOLDER,36,12-01-2010 09:57,4.95,16029,United Kingdom,B09LHXNZLR,279.3448199,T176
536386,85099C,JUMBO  BAG BAROQUE BLACK WHITE,100,12-01-2010 09:57,1.65,16029,United Kingdom,B0B3N8VG24,379.2641207,T177
536386,85099B,JUMBO BAG RED RETROSPOT,100,12-01-2010 09:57,1.65,16029,United Kingdom,B08PSVBB2X,119.0528481,T178
536387,79321,CHILLI LIGHTS,192,12-01-2010 09:58,3.82,16029,United Kingdom,B0B3MQXNFB,110.0506228,T179
536387,22780,LIGHT GARLAND BUTTERFILES PINK,192,12-01-2010 09:58,3.37,16029,United Kingdom,B08XMSKKMM,39.75454231,T180
536387,22779,WOODEN OWLS LIGHT GARLAND ,192,12-01-2010 09:58,3.37,16029,United Kingdom,B09L8DT7D6,404.8183136,T181
536387,22466,FAIRY TALE COTTAGE NIGHTLIGHT,432,12-01-2010 09:58,1.45,16029,United Kingdom,B00GE55L22,402.5637156,T182
536387,21731,RED TOADSTOOL LED NIGHT LIGHT,432,12-01-2010 09:58,1.25,16029,United Kingdom,B0162K34H2,59.13522091,T183
536388,21754,HOME BUILDING BLOCK WORD,3,12-01-2010 09:59,5.95,16250,United Kingdom,B0B8SRZ5SV,716.6942728,T184
536388,21755,LOVE BUILDING BLOCK WORD,3,12-01-2010 09:59,5.95,16250,United Kingdom,B07CWNJLPC,188.2416342,T185
536388,21523,DOORMAT FANCY FONT HOME SWEET HOME,2,12-01-2010 09:59,7.95,16250,United Kingdom,B00NH12R1O,224.5350171,T186
536388,21363,HOME SMALL WOOD LETTERS,3,12-01-2010 09:59,4.95,16250,United Kingdom,B0B8SSC5D9,103.5157515,T187
536388,21411,GINGHAM HEART  DOORSTOP RED,3,12-01-2010 09:59,4.25,16250,United Kingdom,B08WKG2MWT,62.18707901,T188
536388,22318,FIVE HEART HANGING DECORATION,6,12-01-2010 09:59,2.95,16250,United Kingdom,B0B466C3G4,26.55117405,T189
536388,22464,HANGING METAL HEART LANTERN,12,12-01-2010 09:59,1.65,16250,United Kingdom,B005LJQMZC,176.0940809,T190
536388,22915,ASSORTED BOTTLE TOP  MAGNETS ,12,12-01-2010 09:59,0.42,16250,United Kingdom,B07MDRGHWQ,240.2005932,T191
536388,22922,FRIDGE MAGNETS US DINER ASSORTED,12,12-01-2010 09:59,0.85,16250,United Kingdom,B07DC4RZPY,282.0771077,T192
536388,22969,HOMEMADE JAM SCENTED CANDLES,12,12-01-2010 09:59,1.45,16250,United Kingdom,B0B15GSPQW,354.9633081,T193
536388,22923,FRIDGE MAGNETS LES ENFANTS ASSORTED,12,12-01-2010 09:59,0.85,16250,United Kingdom,B08GJNM9N7,54.35847706,T194
536388,21115,ROSE CARAVAN DOORSTOP,4,12-01-2010 09:59,6.75,16250,United Kingdom,B09C6FML9B,108.4215133,T195
536388,22469,HEART OF WICKER SMALL,12,12-01-2010 09:59,1.65,16250,United Kingdom,B0B65MJ45G,89.11260686,T196
536388,22242,5 HOOK HANGER MAGIC TOADSTOOL,12,12-01-2010 09:59,1.65,16250,United Kingdom,B08P9RYPLR,131.7910189,T197
536389,22941,CHRISTMAS LIGHTS 10 REINDEER,6,12-01-2010 10:03,8.5,12431,Australia,B0B6F8HHR6,485.9280909,T198
536389,21622,VINTAGE UNION JACK CUSHION COVER,8,12-01-2010 10:03,4.95,12431,Australia,B084MZXJN6,30.6496475,T199
